<?xml version="1.0"?>
<opencv_storage>
<cascade>
  <stageType>BOOST</stageType>
  <featureType>HAAR</featureType>
  <height>24</height>
  <width>24</width>
  <stageParams>
    <boostType>GAB</boostType>
    <minHitRate>9.9500000476837158e-01</minHitRate>
    <maxFalseAlarm>5.0000000000000000e-01</maxFalseAlarm>
    <weightTrimRate>9.4999998807907104e-01</weightTrimRate>
    <maxDepth>1</maxDepth>
    <maxWeakCount>100</maxWeakCount></stageParams>
  <featureParams>
    <maxCatCount>0</maxCatCount>
    <featSize>1</featSize>
    <mode>BASIC</mode></featureParams>
  <stageNum>11</stageNum>
  <stages>
    <!-- stage 0 -->
    <_>
      <maxWeakCount>3</maxWeakCount>
      <stageThreshold>-1.1922644376754761e+00</stageThreshold>
      <weakClassifiers>
        <_>
          <internalNodes>
            0 -1 15 2.2457051277160645e-01</internalNodes>
          <leafValues>
            -9.5582824945449829e-01 9.2941176891326904e-01</leafValues></_>
        <_>
          <internalNodes>
            0 -1 18 2.3727056384086609e-01</internalNodes>
          <leafValues>
            -9.8237925767898560e-01 5.6255388259887695e-01</leafValues></_>
        <_>
          <internalNodes>
            0 -1 11 2.6224178075790405e-01</internalNodes>
          <leafValues>
            -7.9899013042449951e-01 1.</leafValues></_></weakClassifiers></_>
    <!-- stage 1 -->
    <_>
      <maxWeakCount>3</maxWeakCount>
      <stageThreshold>-1.5367574691772461e+00</stageThreshold>
      <weakClassifiers>
        <_>
          <internalNodes>
            0 -1 24 2.0545019209384918e-01</internalNodes>
          <leafValues>
            -9.2718446254730225e-01 8.4210526943206787e-01</leafValues></_>
        <_>
          <internalNodes>
            0 -1 5 4.1630017221905291e-05</internalNodes>
          <leafValues>
            -9.5331960916519165e-01 2.4730160832405090e-01</leafValues></_>
        <_>
          <internalNodes>
            0 -1 4 1.2642084620893002e-03</internalNodes>
          <leafValues>
            3.4374657273292542e-01 -9.9004405736923218e-01</leafValues></_></weakClassifiers></_>
    <!-- stage 2 -->
    <_>
      <maxWeakCount>3</maxWeakCount>
      <stageThreshold>-1.1814116239547729e+00</stageThreshold>
      <weakClassifiers>
        <_>
          <internalNodes>
            0 -1 25 3.1600567698478699e-01</internalNodes>
          <leafValues>
            -9.1767555475234985e-01 7.8378379344940186e-01</leafValues></_>
        <_>
          <internalNodes>
            0 -1 12 2.4294382333755493e-01</internalNodes>
          <leafValues>
            -7.5993305444717407e-01 8.3394843339920044e-01</leafValues></_>
        <_>
          <internalNodes>
            0 -1 5 4.1691258957143873e-05</internalNodes>
          <leafValues>
            -8.8716059923171997e-01 4.9619704484939575e-01</leafValues></_></weakClassifiers></_>
    <!-- stage 3 -->
    <_>
      <maxWeakCount>4</maxWeakCount>
      <stageThreshold>-1.2840766906738281e+00</stageThreshold>
      <weakClassifiers>
        <_>
          <internalNodes>
            0 -1 8 -1.7869158089160919e-01</internalNodes>
          <leafValues>
            5.5844157934188843e-01 -9.0279465913772583e-01</leafValues></_>
        <_>
          <internalNodes>
            0 -1 6 6.1034839600324631e-03</internalNodes>
          <leafValues>
            -8.1761944293975830e-01 4.9079674482345581e-01</leafValues></_>
        <_>
          <internalNodes>
            0 -1 19 -1.8250722496304661e-04</internalNodes>
          <leafValues>
            2.3569370806217194e-01 -1.</leafValues></_>
        <_>
          <internalNodes>
            0 -1 22 -1.2955770362168550e-03</internalNodes>
          <leafValues>
            -1. 2.0064371824264526e-01</leafValues></_></weakClassifiers></_>
    <!-- stage 4 -->
    <_>
      <maxWeakCount>3</maxWeakCount>
      <stageThreshold>-1.1993756294250488e+00</stageThreshold>
      <weakClassifiers>
        <_>
          <internalNodes>
            0 -1 20 -7.7918253839015961e-02</internalNodes>
          <leafValues>
            8.4313726425170898e-01 -8.7514722347259521e-01</leafValues></_>
        <_>
          <internalNodes>
            0 -1 35 -4.0889289230108261e-02</internalNodes>
          <leafValues>
            6.4569300413131714e-01 -7.3592048883438110e-01</leafValues></_>
        <_>
          <internalNodes>
            0 -1 9 2.0042390679009259e-04</internalNodes>
          <leafValues>
            -9.2839443683624268e-01 4.1169211268424988e-01</leafValues></_></weakClassifiers></_>
    <!-- stage 5 -->
    <_>
      <maxWeakCount>5</maxWeakCount>
      <stageThreshold>-1.2306143045425415e+00</stageThreshold>
      <weakClassifiers>
        <_>
          <internalNodes>
            0 -1 26 1.4870722591876984e-01</internalNodes>
          <leafValues>
            -8.6480188369750977e-01 1.</leafValues></_>
        <_>
          <internalNodes>
            0 -1 29 1.9098067656159401e-02</internalNodes>
          <leafValues>
            -6.6618078947067261e-01 8.6751496791839600e-01</leafValues></_>
        <_>
          <internalNodes>
            0 -1 10 5.9149670600891113e-01</internalNodes>
          <leafValues>
            -5.0589871406555176e-01 8.9153748750686646e-01</leafValues></_>
        <_>
          <internalNodes>
            0 -1 13 -2.9222510056570172e-04</internalNodes>
          <leafValues>
            4.5297092199325562e-01 -9.0088522434234619e-01</leafValues></_>
        <_>
          <internalNodes>
            0 -1 27 9.5492147374898195e-04</internalNodes>
          <leafValues>
            3.5329613089561462e-01 -9.5563524961471558e-01</leafValues></_></weakClassifiers></_>
    <!-- stage 6 -->
    <_>
      <maxWeakCount>4</maxWeakCount>
      <stageThreshold>-1.0950509309768677e+00</stageThreshold>
      <weakClassifiers>
        <_>
          <internalNodes>
            0 -1 14 4.8372983932495117e-01</internalNodes>
          <leafValues>
            -8.6030268669128418e-01 9.5121949911117554e-01</leafValues></_>
        <_>
          <internalNodes>
            0 -1 0 -4.7509834170341492e-02</internalNodes>
          <leafValues>
            4.9576714634895325e-01 -7.6805561780929565e-01</leafValues></_>
        <_>
          <internalNodes>
            0 -1 34 2.8773797675967216e-03</internalNodes>
          <leafValues>
            2.7041071653366089e-01 -1.</leafValues></_>
        <_>
          <internalNodes>
            0 -1 32 -2.8941440396010876e-03</internalNodes>
          <leafValues>
            -9.9199706315994263e-01 2.6289668679237366e-01</leafValues></_></weakClassifiers></_>
    <!-- stage 7 -->
    <_>
      <maxWeakCount>5</maxWeakCount>
      <stageThreshold>-1.4605532884597778e+00</stageThreshold>
      <weakClassifiers>
        <_>
          <internalNodes>
            0 -1 30 -9.4759479165077209e-02</internalNodes>
          <leafValues>
            7.8260868787765503e-01 -8.6182671785354614e-01</leafValues></_>
        <_>
          <internalNodes>
            0 -1 37 -2.3864299058914185e-02</internalNodes>
          <leafValues>
            3.6038723587989807e-01 -7.8194051980972290e-01</leafValues></_>
        <_>
          <internalNodes>
            0 -1 1 -3.4108023100998253e-05</internalNodes>
          <leafValues>
            4.9536627531051636e-01 -7.5982666015625000e-01</leafValues></_>
        <_>
          <internalNodes>
            0 -1 2 2.1290211006999016e-03</internalNodes>
          <leafValues>
            -7.2065937519073486e-01 4.6285605430603027e-01</leafValues></_>
        <_>
          <internalNodes>
            0 -1 33 3.6294572055339813e-05</internalNodes>
          <leafValues>
            -7.0909923315048218e-01 5.2137219905853271e-01</leafValues></_></weakClassifiers></_>
    <!-- stage 8 -->
    <_>
      <maxWeakCount>4</maxWeakCount>
      <stageThreshold>-1.2871713638305664e+00</stageThreshold>
      <weakClassifiers>
        <_>
          <internalNodes>
            0 -1 36 -3.0103372409939766e-02</internalNodes>
          <leafValues>
            7.6744186878204346e-01 -8.5530924797058105e-01</leafValues></_>
        <_>
          <internalNodes>
            0 -1 3 -1.3615159317851067e-02</internalNodes>
          <leafValues>
            2.2059498727321625e-01 -8.9788162708282471e-01</leafValues></_>
        <_>
          <internalNodes>
            0 -1 38 1.2581842020153999e-04</internalNodes>
          <leafValues>
            -8.5307526588439941e-01 2.8201401233673096e-01</leafValues></_>
        <_>
          <internalNodes>
            0 -1 21 -1.1237551370868459e-04</internalNodes>
          <leafValues>
            2.7614074945449829e-01 -9.3447118997573853e-01</leafValues></_></weakClassifiers></_>
    <!-- stage 9 -->
    <_>
      <maxWeakCount>3</maxWeakCount>
      <stageThreshold>-1.2004097700119019e+00</stageThreshold>
      <weakClassifiers>
        <_>
          <internalNodes>
            0 -1 16 -7.8378587961196899e-02</internalNodes>
          <leafValues>
            5.4054051637649536e-01 -8.9588379859924316e-01</leafValues></_>
        <_>
          <internalNodes>
            0 -1 31 3.9159618318080902e-02</internalNodes>
          <leafValues>
            -6.3217395544052124e-01 8.2469379901885986e-01</leafValues></_>
        <_>
          <internalNodes>
            0 -1 23 -1.2026666663587093e-03</internalNodes>
          <leafValues>
            -9.8008918762207031e-01 3.2764801383018494e-01</leafValues></_></weakClassifiers></_>
    <!-- stage 10 -->
    <_>
      <maxWeakCount>3</maxWeakCount>
      <stageThreshold>-1.5045474767684937e+00</stageThreshold>
      <weakClassifiers>
        <_>
          <internalNodes>
            0 -1 28 -1.2065050192177296e-02</internalNodes>
          <leafValues>
            6.2500000000000000e-01 -8.8516747951507568e-01</leafValues></_>
        <_>
          <internalNodes>
            0 -1 7 -1.6988838091492653e-02</internalNodes>
          <leafValues>
            1.0008645057678223e-01 -9.5504522323608398e-01</leafValues></_>
        <_>
          <internalNodes>
            0 -1 17 8.0463636550121009e-05</internalNodes>
          <leafValues>
            -7.1946644783020020e-01 3.8127112388610840e-01</leafValues></_></weakClassifiers></_></stages>
  <features>
    <_>
      <rects>
        <_>
          0 13 8 10 -1.</_>
        <_>
          0 13 4 5 2.</_>
        <_>
          4 18 4 5 2.</_></rects>
      <tilted>0</tilted></_>
    <_>
      <rects>
        <_>
          0 20 2 4 -1.</_>
        <_>
          1 20 1 4 2.</_></rects>
      <tilted>0</tilted></_>
    <_>
      <rects>
        <_>
          2 0 2 18 -1.</_>
        <_>
          2 0 1 9 2.</_>
        <_>
          3 9 1 9 2.</_></rects>
      <tilted>0</tilted></_>
    <_>
      <rects>
        <_>
          2 1 21 13 -1.</_>
        <_>
          9 1 7 13 3.</_></rects>
      <tilted>0</tilted></_>
    <_>
      <rects>
        <_>
          2 1 20 22 -1.</_>
        <_>
          12 1 10 22 2.</_></rects>
      <tilted>0</tilted></_>
    <_>
      <rects>
        <_>
          2 20 2 4 -1.</_>
        <_>
          2 22 2 2 2.</_></rects>
      <tilted>0</tilted></_>
    <_>
      <rects>
        <_>
          3 0 2 18 -1.</_>
        <_>
          3 0 1 9 2.</_>
        <_>
          4 9 1 9 2.</_></rects>
      <tilted>0</tilted></_>
    <_>
      <rects>
        <_>
          3 3 16 20 -1.</_>
        <_>
          11 3 8 20 2.</_></rects>
      <tilted>0</tilted></_>
    <_>
      <rects>
        <_>
          3 12 19 6 -1.</_>
        <_>
          3 15 19 3 2.</_></rects>
      <tilted>0</tilted></_>
    <_>
      <rects>
        <_>
          3 22 20 2 -1.</_>
        <_>
          3 23 20 1 2.</_></rects>
      <tilted>0</tilted></_>
    <_>
      <rects>
        <_>
          4 2 14 21 -1.</_>
        <_>
          4 9 14 7 3.</_></rects>
      <tilted>0</tilted></_>
    <_>
      <rects>
        <_>
          4 5 9 15 -1.</_>
        <_>
          4 10 9 5 3.</_></rects>
      <tilted>0</tilted></_>
    <_>
      <rects>
        <_>
          4 10 20 9 -1.</_>
        <_>
          4 13 20 3 3.</_></rects>
      <tilted>0</tilted></_>
    <_>
      <rects>
        <_>
          4 19 10 3 -1.</_>
        <_>
          9 19 5 3 2.</_></rects>
      <tilted>0</tilted></_>
    <_>
      <rects>
        <_>
          5 7 15 12 -1.</_>
        <_>
          5 11 15 4 3.</_></rects>
      <tilted>0</tilted></_>
    <_>
      <rects>
        <_>
          5 8 13 12 -1.</_>
        <_>
          5 12 13 4 3.</_></rects>
      <tilted>0</tilted></_>
    <_>
      <rects>
        <_>
          5 12 7 6 -1.</_>
        <_>
          5 15 7 3 2.</_></rects>
      <tilted>0</tilted></_>
    <_>
      <rects>
        <_>
          5 15 2 6 -1.</_>
        <_>
          6 15 1 6 2.</_></rects>
      <tilted>0</tilted></_>
    <_>
      <rects>
        <_>
          6 5 12 18 -1.</_>
        <_>
          6 11 12 6 3.</_></rects>
      <tilted>0</tilted></_>
    <_>
      <rects>
        <_>
          6 9 15 11 -1.</_>
        <_>
          11 9 5 11 3.</_></rects>
      <tilted>0</tilted></_>
    <_>
      <rects>
        <_>
          6 12 12 4 -1.</_>
        <_>
          6 14 12 2 2.</_></rects>
      <tilted>0</tilted></_>
    <_>
      <rects>
        <_>
          6 21 10 3 -1.</_>
        <_>
          11 21 5 3 2.</_></rects>
      <tilted>0</tilted></_>
    <_>
      <rects>
        <_>
          7 1 14 4 -1.</_>
        <_>
          14 1 7 4 2.</_></rects>
      <tilted>0</tilted></_>
    <_>
      <rects>
        <_>
          7 22 10 1 -1.</_>
        <_>
          12 22 5 1 2.</_></rects>
      <tilted>0</tilted></_>
    <_>
      <rects>
        <_>
          8 9 15 9 -1.</_>
        <_>
          8 12 15 3 3.</_></rects>
      <tilted>0</tilted></_>
    <_>
      <rects>
        <_>
          9 7 14 12 -1.</_>
        <_>
          9 11 14 4 3.</_></rects>
      <tilted>0</tilted></_>
    <_>
      <rects>
        <_>
          9 10 11 6 -1.</_>
        <_>
          9 12 11 2 3.</_></rects>
      <tilted>0</tilted></_>
    <_>
      <rects>
        <_>
          9 22 6 2 -1.</_>
        <_>
          9 23 6 1 2.</_></rects>
      <tilted>0</tilted></_>
    <_>
      <rects>
        <_>
          10 12 2 4 -1.</_>
        <_>
          10 14 2 2 2.</_></rects>
      <tilted>0</tilted></_>
    <_>
      <rects>
        <_>
          10 12 3 4 -1.</_>
        <_>
          10 14 3 2 2.</_></rects>
      <tilted>0</tilted></_>
    <_>
      <rects>
        <_>
          10 12 12 4 -1.</_>
        <_>
          10 14 12 2 2.</_></rects>
      <tilted>0</tilted></_>
    <_>
      <rects>
        <_>
          11 12 3 6 -1.</_>
        <_>
          11 14 3 2 3.</_></rects>
      <tilted>0</tilted></_>
    <_>
      <rects>
        <_>
          12 8 8 12 -1.</_>
        <_>
          16 8 4 12 2.</_></rects>
      <tilted>0</tilted></_>
    <_>
      <rects>
        <_>
          12 22 3 2 -1.</_>
        <_>
          12 23 3 1 2.</_></rects>
      <tilted>0</tilted></_>
    <_>
      <rects>
        <_>
          13 8 6 14 -1.</_>
        <_>
          16 8 3 14 2.</_></rects>
      <tilted>0</tilted></_>
    <_>
      <rects>
        <_>
          17 13 4 9 -1.</_>
        <_>
          17 16 4 3 3.</_></rects>
      <tilted>0</tilted></_>
    <_>
      <rects>
        <_>
          18 12 5 6 -1.</_>
        <_>
          18 14 5 2 3.</_></rects>
      <tilted>0</tilted></_>
    <_>
      <rects>
        <_>
          19 12 2 12 -1.</_>
        <_>
          19 16 2 4 3.</_></rects>
      <tilted>0</tilted></_>
    <_>
      <rects>
        <_>
          22 0 2 11 -1.</_>
        <_>
          23 0 1 11 2.</_></rects>
      <tilted>0</tilted></_></features></cascade>
</opencv_storage>
